Approach,h1,h1_SE,h2,h2_SE,T_optimal,R_squared,Total_R_squared,Adj_R_squared,RMSE,n_obs,n_params,beta,beta_SE,Y_ref
No Detrending,0.014201645761906582,0.0030869165924838687,-0.0004340071550819509,9.920124477633649e-05,16.36107330906212,0.19624833559880805,0.19624833559880805,0.14814282006713164,0.05809821017601363,9404,532,,,
Linear Temperature Detrending,0.015525263846372546,0.003115365930041967,-0.00045316872007555354,9.870605688927163e-05,17.12967285538169,0.09269647451111607,0.09269647451111607,0.08657654709079499,0.06172741781496475,9404,64,,,
Quadratic GDP Growth Detrending,0.0001345016780290396,0.00031828405630613836,-4.530034100692612e-06,9.722248219422121e-06,14.845548073079096,0.09510159303926091,0.19181481923001786,0.08899788858117463,0.05825822548283957,9404,64,,,
Combined Detrending (Mixed),0.013942882387476176,0.0029366834556666358,-0.0004085191816677266,9.304475003901352e-05,17.065150197545396,0.097311977023948,0.1937889630305749,0.09122318200815671,0.058187028660157104,9404,64,,,
Combined Linear Detrending,0.0160782647195618,0.0029782824171487817,-0.000457974830515825,9.436275554809219e-05,17.55365540662199,0.09622494535841364,0.1707867724152362,0.09012881811618456,0.059011264571359495,9404,64,,,
Combined Quadratic Detrending,0.014176960830015732,0.0030146895328079593,-0.00042404473595582714,9.686062284268302e-05,16.716350455406374,0.09728045117840756,0.19376080658673434,0.09119144351505004,0.05818804472507394,9404,64,,,
Precomputed k Linear,0.013674820910414292,0.0027889098398860964,-0.00038838559511533146,8.58224488438605e-05,17.60469631520904,0.0026061679442589414,0.17056317877395344,0.002500084788328749,0.0590192200969956,9404,2,,,
Precomputed k Quadratic,0.012240773828420544,0.0028157688992907835,-0.0003524069130220679,8.722927363296958e-05,17.36738607572948,0.002061215431057861,0.1958253408853492,0.0019550743137882742,0.058113495993990336,9404,2,,,
GDP-Response Quadratic,0.011005015821766368,0.0018646039648046804,-0.00026226041122407557,4.3363559774368214e-05,20.98108473635327,0.003955362096096149,0.19735171181332978,0.003743460247802477,0.058058318377686116,9404,3,0.6928130075474558,0.15136263170627015,11525.682714655444
