iso_id,T0,T1,y0,y1,y2
AFG,12.716129032258065,0.029236231774571284,0.008697951817911456,0.0005548184205804198,-2.5959348422020714e-05
AGO,21.679032258064517,0.009027725315403759,0.030251239060610276,0.0008704601527623243,-3.806702093313817e-05
ALB,12.456451612903225,0.028755256729873335,0.021974059719299433,0.0004505306602416505,1.8248157531961602e-05
ARE,27.825806451612902,0.027629624033643038,0.01150136594231247,0.000596228582910336,2.850005747856714e-06
ARG,15.254838709677417,0.011236181410692261,0.010452270360659365,-0.0001631351487570489,3.866978584383279e-06
ARM,8.02367864693446,0.0405919661733616,-0.01600351915098129,0.0018484352076170228,2.6417748032425432e-05
AUS,21.843548387096774,0.014381405655863625,0.022727352586068846,-0.00020346662074046957,-4.879631632331404e-06
AUT,7.030645161290322,0.038153156556117965,0.02326058108229388,-0.0005849705609567743,-1.8258748380405553e-07
AZE,12.723044397463006,0.0401691331923888,0.01085651158595167,0.0036486612130327075,-9.90488504379783e-05
BDI,19.811290322580643,0.015806703432298317,-0.005817448361659019,-0.00042004110733634273,1.706985348881812e-05
BEL,10.153225806451612,0.0376545541537609,0.01841971339192603,-0.0005760178235950087,9.436809329216745e-06
BEN,27.912903225806453,0.02015058799828761,0.003087144306153915,0.000207777200384275,1.670976298408122e-05
BFA,29.13225806451613,0.021047065044949756,0.0011211371072762382,6.029994475699041e-05,2.485273157267379e-05
BGD,25.31612903225807,0.007987711213517615,0.026721747743534637,0.001215226087247717,3.935156059278614e-06
BGR,11.054838709677417,0.03144216967590844,0.006037479095764957,-5.007161125303102e-05,5.617867816172046e-05
BHR,27.140322580645158,0.0332174964115736,0.04935250790506006,0.00030592211068895044,-4.6155001628286354e-05
BLR,6.561091815161582,0.05036242826940506,0.01842916734986393,0.0002753743311980894,-9.294231442399394e-06
BOL,21.36935483870968,0.00072272166402261,0.007836464456322792,-1.9423944232290755e-05,2.231457314087347e-05
BRA,25.145161290322584,0.020991664778021234,0.02407390370097201,-0.0004897551833373486,-1.6119636655216162e-06
BRB,26.311290322580643,0.021477676210621736,0.0018459153005071117,-0.0009973375344076068,3.3298478493373144e-05
BWA,21.78870967741935,0.020792727455868635,0.06735819728674038,-0.0008997769171769382,-4.075256085817199e-05
CAF,25.329032258064515,0.01392561255067863,-0.01629526555732009,-0.00018776845432397256,2.2305187885712763e-06
CAN,-0.22419354838709685,0.021183047518319866,0.01782449742426363,-0.00046234714952014463,3.9093429100283e-06
CHE,6.370967741935483,0.03777794565737453,0.022280197733026346,-0.0002637312612712771,-1.4030722051648886e-06
CHL,9.091935483870966,0.010442950316033348,0.026410162472181593,0.00014622765379337146,-2.1525393179790207e-05
CHN,7.509677419354838,0.025348140313766972,0.05290084136217845,0.000720573079556002,-1.9057192639324906e-05
CIV,26.70806451612903,0.016788799073304602,-0.011997661553130892,0.00021872933030359524,7.246991948716531e-05
CMR,24.724193548387095,0.009541436881468607,0.008914809034007322,-8.594589843240308e-05,1.0026807908780554e-05
COG,24.63709677419355,0.012220795245649847,0.0233037465915783,-0.0007457641204733931,-3.552535950628825e-05
COL,24.967741935483875,0.014837198761048588,0.019233962710453578,-3.961546503200257e-05,4.946660990587124e-06
COM,24.830645161290324,0.013298582256805407,0.0064383883417043234,-0.00011363176945400367,3.173012747463524e-05
CRI,25.269354838709674,0.01495051748885696,0.01503719810920771,-6.738469437867169e-05,1.7286044375832893e-05
CUB,25.520967741935483,0.02085820049860237,0.014528866182917103,0.00022522772088220873,1.8703257972566933e-06
CYP,18.429032258064517,0.022492508372994855,0.035342293750477094,-0.0008034830779750435,3.9744863087080515e-07
CZE,7.975655254845045,0.041022795184837334,0.025085375412779748,-6.330843337621924e-05,1.2781711118213236e-06
DEU,8.996774193548388,0.03672534058573192,0.02181360696953821,-0.00034449083470496403,-9.041733938635341e-07
DJI,28.433870967741935,0.017529148094986263,-0.020699863653914526,0.0008122867874246826,5.8568123794015565e-05
DMA,26.504838709677422,0.018803354234343123,0.04909244845015998,-0.0003519840891694484,-5.4347947257267634e-05
DNK,8.198387096774193,0.032804512603560716,0.017930933526090174,-0.0003629851510832454,8.645805998542969e-06
DOM,25.088709677419356,0.016446324695928105,0.03657605132956024,0.00046799033354842266,-6.212290267207203e-06
DZA,23.048387096774192,0.019380020649190394,0.03889623163721433,0.0003091559350450372,-5.090634588660086e-05
ECU,21.69838709677419,0.010251567575734697,0.01768128475850347,-0.00029743802087965187,-3.81639381433484e-06
EGY,22.60483870967742,0.027168794540555544,0.04140776617081621,-2.9312602570821554e-05,-2.236559282116206e-05
ESP,13.779032258064515,0.028825766160509667,0.02686332001534191,-0.0009803816566243135,1.2526793698194524e-05
EST,5.613160676532771,0.04830866807610992,0.012715145948990774,4.314191711312252e-05,2.0420413793014865e-05
ETH,22.877419354838707,0.019934023318475994,-0.004958376931489022,0.0007514210717169587,7.509055344422089e-05
FIN,2.0322580645161294,0.03704263302359548,0.02184943938775135,-0.0005926264104292792,2.8172391306416225e-06
FRA,11.222580645161292,0.03645841202689432,0.015462993428312918,-0.0006263567746173262,1.2042918155172311e-05
GAB,25.059677419354838,0.011072498803857885,0.020432047655984272,-0.0005210039721605355,5.359721198967002e-06
GBR,8.912903225806454,0.0243207171816373,0.019282662236101023,-0.0002933372673976765,-8.587835927738221e-06
GEO,7.547387496224704,0.04421624886741174,-0.019434284326779384,-0.000523425370859075,0.0001397077568940658
GHA,27.448387096774194,0.01948578479514494,0.00920236408807417,0.0009113192915387758,4.406451355609339e-06
GIN,25.803225806451614,0.020407443781320023,0.009953993962238894,0.00032128003341816056,1.8874370719194704e-05
GMB,28.241935483870968,0.021414721361839303,-0.0011040173291934265,6.562771839634159e-05,3.0843454030611315e-05
GNB,27.529032258064518,0.021031955881242008,-0.007581256776959478,-0.0003431447073119261,5.937537609971969e-05
GNQ,24.63225806451613,0.010616705698672908,0.08698073227550193,-0.0008420896925006837,-0.00011917812757586226
GRC,15.53064516129032,0.024131852635289983,0.01827126149334936,-0.0010294427306692673,2.4422274315602207e-05
GTM,23.809677419354838,0.02165646798116394,0.003865044001571106,-0.0001817945648192207,2.943068342965065e-05
HKG,23.001612903225805,0.016899599607161763,0.03784743588324284,-0.0010968859355105734,-4.845717418740583e-06
HND,24.532258064516128,0.020054896628138308,0.011777194871364308,6.227534649593735e-05,7.645606003092785e-06
HRV,11.735483870967743,0.038271511671828955,0.008649494853742161,-0.0003088692384057058,5.722990844918459e-05
HTI,25.00161290322581,0.016365742489486516,0.0012636265050157617,7.139457820212264e-05,-1.1844327704673704e-05
HUN,10.762903225806454,0.03801213769484526,0.0182104080674371,0.00020461344820855198,2.4834372468334387e-05
IDN,25.959677419354843,0.0112789907078643,0.0405433600509039,0.00024673423700896646,-2.2271331275365298e-05
IND,25.366129032258062,0.016395960816902137,0.032594112463805086,0.000769639696437122,-7.728524208893881e-06
IRL,9.662903225806454,0.019246556369771562,0.04528170796529979,-0.0002259529452009681,-3.1700944192956796e-05
IRN,18.09193548387097,0.035388179597592585,0.018444511735825092,-0.0003091738234235024,2.7103574537288135e-05
IRQ,22.2758064516129,0.0336657349349047,0.0011379631097693458,0.0007065838937784542,5.17459738096827e-05
ISL,1.8725806451612903,0.02562262345445846,0.019746617877733658,-0.0006070464884597131,6.178579833467177e-06
ISR,19.25,0.028437964292009784,0.015102219047484731,-0.0005735369948835393,3.319567627086935e-05
ITA,14.182258064516127,0.03353478884943719,0.01782871971026424,-0.0007927206856334378,1.2110159514866774e-05
JAM,26.151612903225807,0.019108055702450215,0.005744025603493039,-0.00023474209086390342,1.0784126772202365e-05
JOR,18.919354838709673,0.02936214147213622,0.02024628032681384,-0.0005042453307306565,-1.7801785871544937e-05
JPN,11.91451612903226,0.02777819747676965,0.017033255046196807,-0.001356013616514341,3.724349869747151e-05
KAZ,6.805647840531563,0.035880398671096256,0.010435839436663447,0.0036862662162641235,-0.00011191371623989633
KEN,25.059677419354834,0.017927022739291417,0.01319831771122499,0.00020358269380513395,1.3135034669526827e-05
KGZ,2.355474176985805,0.03797946239806702,-0.019705435837448836,0.00120812037015131,2.2904367348771217e-05
KHM,27.085483870967742,0.014421696759084392,0.02168069161688991,0.0006975726997737969,-1.9945871624597747e-06
KOR,12.437096774193549,0.025683060109289606,0.06307783779211462,-0.0010187518682983343,-3.153897982065431e-05
KWT,26.0,0.03878018684999119,0.029176778682964116,0.0015213761179997032,-6.879156601076594e-05
LAO,23.52903225806451,0.01655964342373658,0.042149928303137324,0.0007607804473466029,-1.9318343956767087e-05
LBN,16.335483870967742,0.026471254816045908,0.026853551828122667,0.0002689022601162213,-5.483180835172066e-05
LBR,25.301612903225806,0.013263327541487183,-0.05922529837942803,2.2139904172802818e-05,0.00010885975601968319
LBY,22.335483870967746,0.021419757749741867,0.02090650808153345,-0.0021736960361645264,4.884459934509063e-05
LKA,27.29193548387097,0.018486061796479547,0.04028451019872958,0.0001939532118461914,-4.2886332829885515e-05
LSO,11.924193548387096,0.022212988844400802,0.01634546204799203,-0.0006764283844036603,1.6183347184957559e-06
LTU,6.597968891573543,0.0477046209604349,0.008817334863546059,0.0016606880831760101,-1.156091310993302e-05
LUX,9.03225806451613,0.039555790586991005,0.027701254973086065,-0.00044336525148567,-2.3459476124047503e-05
LVA,6.130640289942616,0.047447900936273,0.007031241254847177,0.001125087183173451,1.5056183880815793e-06
MAR,17.53870967741935,0.026390672609604426,0.025662105743825533,-2.2876016619495218e-05,-1.0741405755297404e-05
MDA,9.977801268498942,0.05496828752642716,-0.03084881406159218,-0.00031268331450807764,0.00011486657173240969
MDG,22.912903225806453,0.01607111379718465,-0.009675582973656971,0.00027394510664337495,1.6553756403630746e-05
MEX,21.391935483870963,0.027249376746997057,0.018282605089130807,-0.0004735734240880912,5.098423549165017e-06
MKD,10.51612903225806,0.030314018785726867,0.001976211998474159,-0.0005540080408864671,6.260888461039353e-05
MLI,28.948387096774194,0.019007327944398203,0.011283305741517325,1.3187110803618037e-05,-1.8267310467821638e-06
MLT,19.801612903225806,0.03297574979224899,0.048120672189636754,-0.000678642286478697,-1.566259673780896e-05
MMR,23.651612903225804,0.0146861071239707,0.03762459365254459,0.0005399761797556708,-2.9308918071546978e-05
MNE,9.737096774193548,0.034602503084787586,0.013263481980522195,-3.253601675481414e-05,6.687433609715457e-05
MNG,0.16290322580645164,0.03644078466923523,0.049983162386021615,0.0006789099114641252,-2.0568065730474662e-05
MOZ,24.24193548387097,0.019445493691924227,-0.027582390143323022,-5.454882513224323e-05,5.264253129248863e-05
MRT,28.467741935483872,0.019042582659716464,0.01293530318112736,-0.0001380622953323296,2.9817575574347043e-05
MUS,23.562096774193552,0.023795673742791665,0.029484079659495725,-0.00020666223775101815,-1.4168726315526146e-05
MWI,22.503225806451614,0.01841807055979452,0.005777770625259487,-0.00016511695505934114,1.4151714593556834e-05
MYS,26.275806451612905,0.019140792223817083,0.04504796480540312,-0.00020149727653064712,-2.0275091091913382e-05
NAM,20.091935483870966,0.014104404321220784,0.0036891249642032253,-0.00010848792101613057,1.3503531718590486e-05
NER,27.641935483870967,0.018841127143612597,-0.019885888227761148,0.0004032652969210386,5.2757157142292136e-05
NGA,27.08064516129032,0.016720807836619608,0.026465237512582382,0.00025666975385908264,-1.4360813150025604e-05
NIC,25.796774193548384,0.018196469492080238,-0.011474410484428887,0.00032947481555556726,6.005801879619332e-05
NLD,9.854838709677418,0.03651381229382288,0.021160855794148968,-0.0003258669780797582,6.309087190524789e-07
NOR,-0.13790322580645165,0.038622799728035055,0.04202042894826635,-0.0003180686031475033,-2.843768795891241e-05
NPL,9.625806451612904,0.018664853567021737,0.019416670746890543,0.0004924379499621263,-4.055440008692989e-06
NZL,10.925806451612905,0.011885875450127184,0.01314991414956298,2.4115151979433733e-05,5.792784718212659e-06
OMN,27.42903225806451,0.021646395205358722,0.059282440992696875,-0.0012932140202224203,-1.0240134209819809e-05
PAK,20.587096774193554,0.02444159049129964,0.028258039465647592,-0.00018864968384971618,-3.6276254179447797e-06
PAN,25.83225806451613,0.013512628742665797,0.024928494190104136,2.1847363716036557e-05,2.2432472524862044e-05
PER,19.66290322580645,0.006736168819722471,0.005538113350347669,0.00034893834245550387,3.266729529052446e-05
PHL,26.432258064516127,0.017108609705119456,0.014649205522414006,0.0003173365104953249,1.817086516583391e-05
POL,8.283870967741937,0.03510362368109592,0.020962823987076162,0.0003964549371434002,2.7520927671107365e-05
PRK,6.868866978609622,0.020955882352941383,0.0881114364238028,-0.01262843686675215,0.0003413233090029978
PRT,16.468548387096774,0.027031552970209757,0.023610727503570562,-0.0008658554449797483,1.7780684894234868e-05
PRY,23.867741935483874,0.005358716728362417,0.019837389610206178,-0.00022524006989799308,4.426094891271979e-06
QAT,27.583870967741934,0.03463020321825187,0.02779018650923125,0.001758743692552821,-3.398931311263467e-05
ROU,9.598387096774198,0.034763667497670674,0.02303118663044584,0.0003275871479695236,3.8263637920743054e-05
RUS,-4.353225806451611,0.039578454332552686,0.013883147880749253,-0.00019360393660038968,3.326007860475261e-05
RWA,18.132258064516126,0.015859585505275654,-0.0027841621069686225,0.000626659568689974,3.817943992373064e-05
SAU,25.472580645161287,0.02629246304550378,0.022120101200029614,-0.0005331236299345156,4.174483132319e-05
SDN,27.506451612903223,0.03137166024527209,0.027440012618682598,0.00018306579586131172,-6.614906744634478e-05
SEN,28.47096774193549,0.02120822945783289,-0.0039135273860165225,0.00043504495522106803,1.9491246992810163e-05
SGP,27.225806451612904,0.027261967716753578,0.055846288144497346,-0.0007147214702661113,-1.6059737303411484e-05
SLE,26.324193548387097,0.014864898894512878,-0.006418763441625539,5.333858591127819e-06,3.8320251535971724e-05
SLV,25.014516129032252,0.020601344715569986,0.017134327115024793,0.0002253466570960265,6.2791926885045145e-06
SRB,10.125,0.03614741507390899,-0.0012637732465281197,-0.00013667214672043288,7.776625846612131e-05
SVK,7.621443812233283,0.052987197724040015,0.01038117333177118,0.004054619290173637,-0.00014139536537812088
SVN,9.269354838709678,0.04023822114779281,0.00805592395251748,-0.0006400240304124895,5.126524071985355e-05
SWE,2.832258064516129,0.03371358061997934,0.016606346267519962,-0.0003197895385303968,9.822017354373948e-06
SWZ,21.78548387096774,0.02416710735060816,0.029713468356754834,-0.0010407572724813695,2.745291587563409e-05
SYC,26.91129032258064,0.01589232202664243,0.04799007442185483,0.00027491762916530645,-3.628308265662519e-05
SYR,18.34193548387097,0.028405227770642888,-0.006452404386734722,-0.0020515905595120953,-1.3010214527197587e-05
TCD,27.196774193548382,0.021732013799702847,0.021617281471755838,0.0006858876131503458,-4.946052231745001e-05
TGO,27.451612903225808,0.019888695827352684,-0.015010245436869246,-4.850043163781805e-05,6.727814541810749e-05
THA,26.720967741935485,0.015015990531590742,0.0441958466710672,-0.0005740183704605654,-2.431255161162429e-05
TJK,2.2970930232558135,0.036046511627907,-0.0431593860260769,0.0032042559055184406,3.5903610833805735e-05
TKM,15.920137420718817,0.034355179704016706,0.012563106319307371,0.007212734227003086,-0.0002551722086797364
TTO,26.335483870967742,0.02131399360378736,0.02083269192232068,-0.0003907331281952512,-1.7188077373899075e-05
TUN,19.80483870967742,0.03341895192767747,0.03095364172332284,-0.0005064925389203691,-1.4623987556066829e-05
TZA,22.687096774193552,0.014993326786029035,0.019328039828993452,0.0006750723365663006,1.164301401149735e-05
UGA,23.185483870967747,0.02355770441439403,0.0080597997999764,0.0005854685594003725,6.2587897405202465e-06
UKR,8.55832074901842,0.05261250377529462,0.007507815189317602,0.0011404815470867037,-7.63164184878094e-05
URY,17.809677419354838,0.010767797335750787,0.019689156110157324,0.0002839920648144756,-1.257735875198092e-05
USA,15.652419354838708,0.019668353856614043,0.017636165880452716,-0.00029881205386019904,4.121617016503425e-06
UZB,12.867253095741466,0.0391875566294172,-0.015125117389969486,0.0025878541035485787,2.7388475238939065e-06
VEN,25.53709677419355,0.01653697967817482,0.00883702314521741,-0.0017419597552375417,-6.954889600542481e-05
VNM,24.753225806451614,0.013595729143058611,0.03657872345140958,0.00109335753290045,-2.1370690512079312e-05
YEM,25.838709677419352,0.014358741910301908,0.01926220494633352,-0.0017827369691442237,-4.792082562326736e-05
ZAF,18.104838709677416,0.022338898541965708,0.01307949291058808,-6.227483517448548e-05,2.3025083849083076e-06
ZMB,21.729032258064514,0.017491375185716813,0.013606679251465553,0.0007154790715339998,-3.1319461690987663e-06
ZWE,21.577419354838714,0.02290549218100782,-0.006707118372992823,-0.0004849494778021575,2.75196964435943e-05
